0,0,0,0,0,0,0,0,0,0,0,0,0,0,0,0,0,0,0,0,0,0,0,0,0,0,0,0,0,0,0,0,0,0,0,0,0,0,0,0,0,0,0,0,0,0,0,0,0,0,0,0,0,0,0,0,0,0,0,0,0,0,0,0,0,0,0,0,0,0,0,0,0,0,0,0,0,0,0,0,0,0,0,0,0,0,0,0,0,0,0,0,0,0,0,5.63295752999999,0,0,0,0,16.28848646,19.1863378599999,19.76458986,19.9053544799999,18.4540179199999,15.17947893,17.54213382,0,0,0,19.17870161,6.46842006999999,17.4300607999999,14.6624363399999,19.1604050299999,0,19.5545676099999,20.11982937,21.0099272299999,19.48748717,19.53017269,20.07345824,19.63119919,19.9825784599999,18.6819692199999,19.8268615799999,19.77030079,20.5380974999999,19.31945014,21.50005287,18.0669953099999,19.00814596,18.65977737,18.13146289,18.79058759,19.94349232,19.7750493099999,20.28808798,21.1612370299999,20.38218987,19.40802202,19.8886834,20.91038288,21.57169633,21.28604821,20.4461451899999,20.2790689399999,21.82157368,19.79173751,20.5872287299999,19.60370143,19.6465961399999,20.4049782999999,20.4543426699999,20.5566591,19.9597491699999,20.5059779099999,18.6594766999999,21.3304557199999,20.99412055,19.7870828199999,21.0304523199999,21.2783492199999,20.78062424,20.6810994199999,20.4372218799999,21.0435482699999,20.2729514,19.7656316799999,20.4699676599999,19.84622621,20.18315528,20.9039078099999,20.10952366,21.41140091,20.73124401,20.86118177
0,0,0,0,0,0,0,0,0,0,0,0,0,0,0,0,0,0,0,0,0,0,0,0,0,0,0,0,0,0,0,0,0,0,0,0,0,0,0,0,0,0,0,0,0,0,0,0,0,0,0,0,0,0,0,0,0,0,0,0,0,0,0,0,0,0,0,0,0,0,0,0,0,0,0,0,0,0,0,0,0,0,0,0,0,0,0,0,0,0,0,0,0,0,0,0,16.05998985,15.6991679299999,0,0,0,0,14.79282526,18.0271683699999,18.98247277,0,17.047574,0,0,0,16.4107322899999,0,13.87470438,0,0,0,18.0982832599999,17.5055965899999,16.9073768999999,16.13932811,17.20081532,15.61331528,14.87800052,17.2536610299999,14.06825581,18.9580334499999,18.1360545799999,18.2440409899999,16.9996330499999,19.43802846,15.08253146,15.30296356,16.2677596599999,14.42864332,11.60735983,16.3334339899999,18.9125316699999,14.9009481499999,17.87946827,12.5108231199999,17.56148749,17.8734648599999,18.62525454,19.12856405,19.46911764,19.09538625,19.48025973,20.5346394399999,19.73110239,20.18932609,18.83116124,18.68733684,19.19163619,19.01693742,20.60518056,18.13689742,20.3166203,17.9198883799999,17.92154778,19.33318579,18.3783970399999,19.38423251,20.16387332,18.78596659,18.6575998799999,20.2782786399999,17.7829345699999,17.8102052499999,20.6697971799999,19.59510273,19.28595852,18.1715028399999,18.8265804199999,19.2708797599999,18.0586276199999,18.7762613499999,18.7454411999999
0,0,0,0,0,0,0,0,0,0,0,0,0,0,0,0,0,0,0,0,0,0,0,0,0,0,0,0,0,0,0,0,0,0,0,0,0,0,0,0,0,0,0,0,0,0,0,0,0,0,0,0,0,0,0,0,0,0,0,0,0,0,0,0,0,0,0,0,0,0,0,0,0,0,0,0,0,0,0,0,0,0,0,0,0,0,0,0,0,0,0,0,0,0,0,0,15.5967874,0,0,10.1328135699999,0,17.3465131399999,18.3082877999999,17.6623979899999,17.6374878499999,17.2558765499999,18.1650591299999,13.39931767,0,0,17.9886020699999,0,0,12.4114421499999,0,0,17.0894047499999,19.76824676,0,18.2797762299999,15.1491027999999,0,14.4425895999999,15.93056827,0,20.17540152,18.58255029,16.6381265899999,0,0,0,0,0,14.76262241,0,17.1034308199999,19.55513716,17.73157386,18.0512462499999,18.3126170799999,14.0720085,0,0,20.8403519899999,21.4541648299999,19.6870538199999,20.31132286,21.12958001,20.54486022,20.96906407,20.6827142899999,20.0705064299999,20.8864041299999,20.0721720899999,21.1567995,19.6761147399999,21.50229639,20.34466146,21.1891927399999,21.1680048599999,20.3396759399999,20.57244116,20.9935499,19.18355778,20.62411867,20.64963244,20.1369380699999,20.07671107,21.76866373,21.3656750799999,20.81138655,20.0195365099999,20.4099920099999,20.79009783,20.64271902,20.5955548099999,20.73805
0,0,0,0,0,7.12019063999999,0,0,0,0,0,0,0,0,0,0,7.27496865999999,0,0,0,0,0,0,7.29461402999999,0,0,0,0,0,0,0,0,0,0,0,0,0,0,0,0,0,0,0,0,0,0,0,0,12.3917277899999,10.2272673699999,0,0,9.90641953,0,0,7.17542594,0,0,8.19231266,0,0,0,0,0,0,0,0,0,0,8.86996418999999,0,0,0,0,0,0,0,0,0,7.5097116,0,0,8.48038513999999,0,0,7.13522766999999,0,0,0,0,0,8.93636386999999,0,6.86170686999999,10.6426077699999,0,0,0,0,0,7.39141390999999,15.98782577,14.38029015,0,16.28529666,0,0,0,0,0,0,0,0,0,16.6385235999999,0,15.0470076,15.9877975299999,19.4542473099999,17.14378581,13.17496936,0,0,16.13978355,12.05594263,19.03228679,16.0543410999999,17.40143382,10.7970534199999,6.61672176999999,0,0,13.4686047,15.90638706,17.2956363999999,0,0,13.25106073,13.4873317999999,0,0,7.42161262,17.7109006899999,19.30311966,21.1748157699999,19.02851726,18.7962203099999,20.8151977899999,19.84301735,20.2538465599999,19.08284309,19.8836128599999,17.9942639399999,20.3808912199999,18.80695266,20.08013738,16.5564414599999,18.6750548499999,20.8013591099999,18.5837019999999,19.6425649299999,19.63515114,19.38573633,19.26624328,18.8880063699999,19.3788318299999,21.33146494,19.5103458699999,20.52999458,19.6705148799999,17.51466517,21.3858702799999,18.8414566599999,19.9339504699999,20.26722926,21.2899373499999,19.75294779
0,0,0,9.01961649999999,0,0,0,4.1134557,0,0,0,0,0,0,0,8.75962419,7.54938274,0,0,0,0,0,0,0,0,0,3.2757379,0,0,0,0,0,0,6.85596064,5.15844623,9.88491579999999,5.02669731,0,0,4.72087027999999,0,0,0,0,0,5.40248169,0,4.83520168999999,11.59634798,8.11654447999999,0,8.38557023,0,7.13619668,11.37095002,0,0,0,0,0,9.59312187999999,0,0,2.61730411,0,0,0,0,0,11.22989049,0,5.29209116,12.45192061,0,0,10.8152049899999,0,0,10.7061146699999,8.69022112999999,6.33060331999999,9.61921843999999,5.51074646,10.9750810399999,0,5.34893777999999,9.92478052,8.97507088,10.9740512399999,0,7.03297776999999,7.74658707,8.55397289999999,8.91078319,4.39805856999999,9.86908084,12.4085931899999,9.67505820999999,10.4422365799999,10.99089088,11.911193,10.1600738699999,13.2149302699999,11.79323944,12.3684202699999,11.73905695,10.0411145499999,0,0,0,8.58184108999999,7.51649851999999,10.2609347199999,10.86420449,9.50687744,6.77992623999999,10.50849395,9.71136315999999,9.57789434999999,10.9498993999999,11.13724329,12.99175879,10.3621480199999,9.32981827999999,10.1623702799999,12.53650202,12.1414323199999,11.91721025,10.26124002,12.17721483,9.80124838999999,8.99486246,11.5691069399999,11.41515564,10.47280699,10.17193052,12.9227556799999,4.91001447,12.2425001099999,10.27665421,0,10.8702254899999,12.9005047499999,12.56667206,13.5650364099999,12.2901658,13.0124706499999,13.6243095699999,13.44124051,13.59253434,12.8805766399999,13.25343054,12.6116671599999,11.8196316199999,14.1166778799999,13.3660252499999,12.0233314399999,11.76822645,13.5787222599999,12.43394347,13.2229285599999,12.0895756399999,14.0007623399999,11.55097804,13.39994936,11.4688509199999,13.06757305,11.7702629499999,13.23635245,13.29047281,13.1287919699999,12.5907567,13.0678716399999,13.22465427,13.3294620899999,12.0690457999999,13.2342963999999
0,0,0,0,0,0,0,0,0,0,0,0,0,0,0,0,0,0,0,0,0,0,0,0,0,0,0,0,0,0,0,0,0,0,6.89248711,0,0,0,3.93853798999999,0,0,3.91806886999999,0,0,0,2.73726790999999,2.36650806,0,3.93560724999999,0,0,0,4.5527737,3.72451693999999,0,0,0,0,0,0,0,5.57303877,0,0,0,0,0,0,0,0,0,0,0,0,0,8.4761462,0,14.46060027,0,13.69127394,0,0,0,0,14.5929144199999,15.10214936,11.3843402299999,13.3352388899999,13.2345245499999,0,14.2765936,0,0,0,12.81918433,13.28385193,14.2753767,12.71392763,12.95966738,11.71439027,15.01021251,15.4757417499999,16.2079245199999,15.44744807,15.0365120599999,14.2484693799999,13.35596003,4.60711208,6.90627873,3.53813346,10.0869028,6.53156426999999,9.77346179999999,7.61160074,12.5427091199999,9.43131930999999,10.4766956199999,9.98039920999999,7.43091526999999,9.90556783,10.43793999,10.0017572099999,8.14375906,10.77954987,8.66755423,6.41410376999999,8.76838805999999,8.42450428999999,10.8381102299999,9.00735597,8.83606909999999,3.99412877,10.47160021,10.15320316,11.71411372,11.70261252,7.32169486999999,9.9965478,10.61538473,11.8400986699999,10.98126723,0,10.0586867899999,11.5175877199999,14.5048466699999,0,11.30569037,13.52079872,12.26324705,12.6587132199999,8.58607809,12.0947602799999,8.42188389,11.5212991,15.43223811,0,13.78971291,4.05040161999999,13.24663065,12.8189038899999,11.7299768899999,9.17703788,13.30079817,10.7191875099999,11.85275919,13.2229672399999,12.19220776,12.30613817,15.1415837199999,14.05012883,14.5518854999999,12.7551065099999,13.3360868799999,13.3290099,11.72560812,11.12300577,13.06441301
0,0,0,0,9.79830311,0,4.38318031,0,9.39722491999999,0,0,0,3.90571926,0,0,4.69372463,4.85375657999999,8.11185247,0,5.16550399,0,0,4.37586332999999,6.13722295999999,3.98655048999999,0,8.00254123999999,0,10.7849265299999,11.7805021799999,0,0,7.42213266999999,0,11.91447409,0,0,3.38853722999999,10.7482793199999,4.33628484,0,0,0,0,0,0,2.25746885999999,3.93434597999999,0,0,0,0,0,0,0,4.40466070999999,10.7668604099999,0,0,7.03758734999999,9.69202079,5.03441569,0,0,0,0,4.38336297,3.49752070999999,3.20620084,0,0,4.47653147,0,0,0,9.94976542999999,0,5.64474652999999,6.68981367,0,0,0,0,0,8.32868938999999,0,12.03827111,13.5594680299999,10.96689145,13.7500215299999,8.7602197,0,0,0,14.50968486,0,10.6004277099999,0,15.2976525799999,14.8651820499999,14.2426686999999,8.12166739,14.2656758499999,15.3317846499999,14.13342251,5.79444914,0,6.13513962,0,6.09580064,0,14.2623778699999,14.09320931,0,13.05380612,12.2489960999999,11.26559881,6.27074975,15.0313581999999,14.62188354,11.4946403,14.4868718699999,12.96659192,13.9720984799999,12.5931873799999,14.55048406,16.08809026,12.31296955,5.18192717999999,14.0226029699999,9.74872268999999,13.6248409,14.0849339699999,13.67388273,13.71157894,14.05862203,0,8.51973362,0,3.74623407999999,2.26851509,4.89877811,13.0845380099999,17.37937072,18.17433017,15.73914311,16.96116976,17.7061670999999,17.1309743599999,16.9436129099999,17.0581742799999,16.04349794,15.97116776,16.4261511999999,16.8887078899999,15.5707295999999,15.9994881299999,15.6682222699999,15.85961443,16.6867576399999,17.1846549999999,15.7188870999999,18.8234768499999,16.50757823,15.31383793,16.6789780199999,17.72553239,17.4074127499999,17.54631227,17.21809169,17.21122845,17.4741676099999,17.07657563,16.33204929,17.02828912,17.46261296,15.6687055799999
0,0,0,0,0,0,0,0,6.48979426999999,0,0,0,0,0,0,0,0,0,0,0,0,0,0,0,0,0,0,0,0,0,0,0,0,0,0,0,0,0,0,0,0,0,0,0,0,0,0,15.95364718,0,0,0,0,0,0,0,0,0,0,0,0,0,0,0,0,0,0,0,0,0,0,0,0,16.13179637,0,0,0,0,0,0,0,0,0,0,0,0,0,0,0,0,0,0,0,13.26697195,16.30867336,0,0,0,17.27301479,0,0,0,17.8185792399999,18.75243344,17.77590245,18.55008322,17.07510169,16.47694557,0,0,0,17.1925865999999,14.6037175599999,16.99620128,16.0464831399999,0,0,16.26050688,18.36322209,15.73031836,15.59684926,16.3005373899999,18.32485334,15.39060978,15.83946749,15.69469136,15.1771253,16.5728731499999,17.6133162699999,17.01942143,17.5471550699999,15.82082413,14.7636696999999,13.3466261999999,12.92390991,15.3418015499999,16.9056079299999,17.0982963499999,16.70395866,15.74197017,17.66437103,14.27390613,14.96849613,17.473703,17.0278787499999,18.5066201499999,0,16.4764276099999,17.6183247499999,16.7983799299999,19.7363104,16.2619723299999,0,0,0,18.42296684,0,17.99429986,10.40430422,18.02076409,11.6517496499999,15.9609988699999,16.7126059799999,11.04429097,16.7174661399999,0,0,18.96631105,18.69595538,18.5425648999999,17.91372317,15.5328331399999,16.6273336399999,0,17.8093584,16.52990235,17.64456084,15.9835983299999
0,0,0,0,0,0,0,0,0,0,0,0,0,0,0,0,0,0,0,0,0,0,0,0,0,0,0,0,0,0,0,0,0,0,0,0,0,17.6572204299999,0,0,0,0,0,0,0,18.36078586,0,0,0,0,0,0,15.21841135,0,0,0,0,0,0,0,0,0,0,0,0,0,0,0,0,0,18.86562872,0,0,0,0,14.6869819699999,0,15.8374073699999,0,15.52540901,14.9745185,16.6060813299999,15.48584772,0,19.5027127299999,18.9734645899999,0,16.32047998,18.1602514399999,0,19.36279794,15.77086255,0,0,15.8010401399999,18.90717077,17.803581,19.6982428799999,0,19.51861079,19.0332549399999,19.3488595799999,18.5616970999999,19.5033323799999,19.74921767,18.12748227,19.2269415999999,12.8737919499999,15.4807709199999,0,14.83398608,7.06026954,13.2844426399999,15.6315947499999,17.8974972699999,0,18.5029019599999,19.6852606899999,20.21790843,18.33955457,17.65956613,19.7659921599999,17.9393147,18.1530866999999,17.1803012799999,19.2576067,19.15888984,19.1947632,18.8888557699999,20.67228486,17.2012364099999,16.92404978,18.0823770699999,17.4664545699999,17.30193226,17.04250018,20.0711295999999,19.2811508899999,19.9877906199999,18.02450903,18.15907848,15.95149091,18.9452960899999,18.6749925099999,20.34767645,18.5869724299999,18.81957252,20.89539049,19.7287945799999,18.42168021,18.83869706,19.73606548,18.2871970499999,20.54463597,19.66259742,19.1806600299999,19.52194215,19.3426577199999,19.73580497,20.65924181,19.3118334199999,19.70651398,20.66685688,20.1098885799999,19.82492535,18.2370819699999,18.2129639999999,19.19600081,19.35101338,19.72365985,19.27238484,19.09628494,19.28272321,19.9215473199999,18.9066881299999,20.22539048,19.8320163299999
0,0,0,0,0,0,0,0,0,0,0,0,0,0,0,0,0,0,0,0,0,0,0,0,0,0,0,0,0,0,0,0,0,0,0,0,0,0,0,0,0,0,0,0,0,0,0,0,0,0,0,0,0,0,0,0,0,0,0,0,0,7.42223782,0,0,0,0,0,0,0,0,0,0,6.52396200999999,0,0,0,0,13.51559111,0,0,0,0,16.69317153,0,19.13162965,16.9575997499999,0,17.2020037899999,15.5272815299999,15.84104078,16.8667396899999,15.04684656,13.25018348,15.32206949,15.7069857,0,16.1865831799999,14.52541931,15.5360557,17.50716565,20.16432919,18.52042605,18.0665184899999,18.6101982899999,18.82603598,18.3351654099999,16.94200168,0,0,0,16.4016779399999,0,16.14195648,15.5601045899999,15.7128809199999,0,18.13951458,19.5879141799999,17.40798616,17.7259350699999,16.7053449,18.9203062399999,17.00040933,17.8963700099999,17.20589816,19.95226144,19.9231713699999,19.0876676699999,17.1068654199999,19.6972422499999,16.0630662499999,16.1361252399999,18.2657925799999,15.94020639,17.39715121,17.1162004699999,19.26876305,16.75453173,19.3064473099999,17.95677553,15.93392975,15.87418487,17.8244871799999,19.30363651,18.79872169,18.19620291,14.7243845899999,20.0775765499999,19.69638425,19.64170052,17.6883465999999,18.2501404899999,19.3773676799999,19.56528708,19.57997594,17.98093044,18.0581115099999,19.80999732,18.8490598099999,18.3011450499999,20.1442228999999,19.44882446,19.2837472199999,20.2745595899999,19.38714716,19.4581636499999,19.79853419,18.60975502,19.3994511,20.47249336,20.10839641,19.8801900899999,16.45918662,19.9734687099999,20.2965640299999,19.5103494799999,20.1651785299999
0,0,0,0,0,0,0,0,0,0,0,0,0,0,0,0,15.33258825,0,0,0,0,0,0,15.29136147,0,0,0,0,0,0,0,0,0,0,0,0,0,15.66420356,17.4006131,14.6002102899999,15.7733515,17.4952766,16.87398053,17.5329776899999,18.1267312499999,17.5257074,17.9240037299999,15.7643074999999,0,0,15.25028026,16.3931052,16.62250388,0,18.41653378,16.49252242,0,0,0,15.52781118,0,0,0,0,0,0,0,0,0,17.44525329,15.39775619,15.87315146,15.3257891799999,0,0,15.80294186,15.9499135899999,20.2562771099999,17.86830587,18.8283056299999,14.74524773,16.1847839299999,19.11022475,15.4497834399999,18.89509722,19.4610549,18.0461421,19.82022148,19.4074060099999,18.5606890699999,17.24260654,18.66168987,18.03753031,15.35178029,17.6936956199999,16.95384431,20.04417627,17.79886545,19.9091514099999,19.72277314,20.9601657599999,20.65224397,21.4114468199999,21.53711307,22.4881311299999,21.70633454,20.43598786,8.40228495999999,0,14.8422018799999,21.4843023799999,18.3237841199999,19.17682638,17.8422270999999,20.71704396,18.5139403899999,21.42586341,21.66911539,22.3518284099999,21.38023314,20.5122181599999,22.56688017,20.23182994,21.01510276,20.0409522799999,22.7846301199999,23.06740153,22.40227973,21.79862242,22.31043499,20.0160759599999,18.7047123699999,20.9034107599999,20.6123987699999,20.24359609,21.8155711699999,22.12989177,21.7353759199999,21.9710339499999,22.81239885,20.5771122499999,19.72671078,21.6241958899999,21.77760293,22.6868172299999,19.4199289499999,20.51323482,23.1040507099999,22.30053548,22.9759612599999,21.2879080999999,21.38050004,21.98448335,21.42523744,22.5918728999999,21.27933399,22.24882801,21.14255516,22.6253002899999,21.6259302499999,20.97863143,21.4271973899999,22.38204233,21.01653443,21.64900554,21.7513804899999,22.5253567699999,22.1899304,22.6472566499999,22.6937269099999,22.7511229899999,21.49359545,21.0125088099999,22.87188718,22.9643833199999,22.7558546899999,22.03780747
0,0,0,0,0,0,0,0,0,0,0,0,0,0,0,0,0,0,0,0,0,0,0,0,0,0,0,0,0,0,0,0,6.14676033,0,0,0,0,0,0,0,0,0,0,0,0,0,0,0,0,0,0,0,0,0,0,0,0,0,0,0,0,0,0,0,0,0,0,0,0,0,0,5.63578732,0,0,0,0,0,0,0,0,0,0,0,0,0,0,0,0,0,0,0,0,0,12.8781249199999,0,0,12.28566404,13.7378569,0,0,13.76151179,15.57537965,15.4238505599999,14.26213382,16.8957687199999,0,13.5168365099999,0,0,0,0,0,0,0,0,0,3.47236009,0,0,14.49478472,0,15.4033176399999,11.4518654,0,0,0,0,15.33787571,16.39594088,14.1313262399999,12.70370669,0,12.0323611899999,13.59456465,14.1584915999999,12.75619314,13.9103823099999,13.52820806,13.88699261,14.9824164199999,10.8799254199999,0,14.91066277,0,0,0,0,0,0,0,5.15420485,0,0,0,0,5.76766933,0,12.6067177,0,0,0,0,14.0194195599999,0,12.6313309,0,0,14.28310613,13.84013206,0,10.1953523599999,0,0,11.36205262,10.6642743899999,0,0
0,0,0,0,0,0,0,0,0,0,0,0,0,0,0,0,0,0,0,0,0,0,0,0,0,0,0,0,0,0,0,0,0,0,0,0,0,0,0,0,0,0,0,0,0,0,0,0,0,0,0,0,0,6.12901342999999,0,0,0,0,0,0,0,0,0,0,0,0,0,0,0,0,0,0,0,0,0,0,0,0,0,0,0,0,0,0,0,0,0,0,0,0,0,0,6.38099884,0,0,0,0,16.10585928,0,0,15.2323228999999,15.15089155,16.0733331799999,18.1261404,18.58980422,0,18.6690952699999,0,0,0,0,0,0,0,6.87919101,0,0,15.21395504,0,0,0,0,0,0,0,0,0,0,0,0,0,12.2851209699999,13.2510591,0,0,0,0,0,0,0,0,0,0,12.4287036999999,16.8172719999999,0,10.90268666,0,0,0,0,17.05804015,0,15.60393702,0,15.21654681,0,0,0,0,0,16.81570315,0,0,16.6260899799999,0,0,16.82477576,0,0,17.06028158,15.3802312899999,0,16.64166527,16.3955049399999,18.0901756099999,0
0,0,0,0,0,0,0,0,0,0,0,0,0,0,0,0,0,0,0,0,0,0,0,0,0,0,0,0,0,0,0,0,0,0,0,0,0,0,0,0,0,0,0,0,0,0,0,0,0,0,0,0,0,0,0,0,0,0,0,0,0,0,0,0,0,0,0,0,0,0,0,0,0,0,0,0,0,0,0,0,0,0,0,0,16.8842046299999,16.8362813899999,0,15.4401541899999,0,0,0,15.36082842,0,0,0,0,0,0,17.3463168299999,16.62274954,18.78619915,18.1635645799999,0,17.3481464199999,14.27195535,15.8734593799999,15.4593761999999,0,0,0,13.6653934499999,0,11.2329403499999,12.0169686399999,0,0,14.30792349,0,16.1510608699999,14.5833725199999,15.13723105,14.6612842699999,13.0497494799999,13.1948146,11.46942181,13.2942066,13.34835724,0,15.1700775799999,16.51889789,6.20953162999999,0,0,10.8923928899999,0,0,0,16.17925658,0,15.21286523,11.73288278,0,16.4859602999999,0,0,0,0,0,0,0,0,0,0,0,0,0,0,13.3099150799999,0,0,0,0,0,0,0,0,0,10.35700289,0,0,0,0,0,0,0,6.24625976999999,12.73943882
0,0,0,0,8.94220022999999,0,0,0,0,0,0,9.22059868999999,0,0,0,0,6.47625954999999,0,0,0,0,7.99110043,0,6.04848529,0,7.58996448999999,0,0,0,0,0,0,0,0,10.7457015099999,0,0,10.63196888,0,0,0,0,7.57919869,6.65037594999999,6.4979614,8.29973097999999,9.34295876999999,0,0,0,0,0,0,6.64955238,0,10.94129483,0,0,0,0,0,0,0,0,0,0,4.94396824,0,8.92183984,7.49579553999999,0,0,8.91448929999999,0,10.6595620699999,11.68243486,0,11.14643593,8.43483548999999,6.44487055,0,11.4519283,7.30827315999999,6.72314232,14.2222904299999,10.0837018599999,0,6.12046698999999,9.93215466999999,11.1080485099999,13.93069805,0,10.9134875699999,13.6664078999999,8.98757664999999,12.59492307,13.24628066,7.08845159999999,16.6593345299999,14.53983934,15.0775997,9.86011217999999,16.0293286399999,13.19459787,14.56626353,0,13.2605358599999,4.89503740999999,7.05869465999999,12.9677404099999,6.26685494999999,12.4213509299999,0,0,9.85393947999999,10.52257859,8.80904051,0,6.67076926,6.62089313999999,0,5.10708804999999,0,0,6.60256485,7.05276526,0,0,8.55695511999999,10.24051743,0,0,6.82542845,0,0,9.54823039999999,8.55298718999999,7.09097028999999,0,0,0,6.86844916999999,6.39474286999999,6.13644148,7.57034828,9.02364994,6.71964848999999,8.69443646,0,12.3558982099999,6.7502708,0,0,0,10.5940042099999,0,10.6836350299999,0,0,0,0,0,6.75179881,6.12849788,0,0,0,7.24620332,0,13.66778915,6.12461545,0,0,0,7.71314370999999,0,0
0,0,0,8.7963027,0,0,0,0,0,0,0,0,0,0,0,0,0,0,0,0,0,0,0,0,8.14395711,0,0,0,0,0,0,0,0,0,0,0,0,0,0,0,0,0,0,0,11.3977325799999,0,0,0,0,0,0,12.48957867,0,7.25254396999999,0,0,0,0,0,0,0,7.36413025999999,0,0,0,5.66868373999999,0,0,0,0,0,9.13742092999999,12.0989926099999,0,9.36691457999999,0,0,0,9.50391778,0,0,0,7.15120811999999,0,0,0,9.55977163,0,0,5.40202269999999,0,0,0,9.18443684,7.18606981,5.80643888999999,11.0070633799999,0,6.38390478999999,8.95134305,3.95823094999999,0,0,0,8.67268306999999,7.931807,5.40933244999999,0,0,0,0,0,0,0,6.22853668,0,0,0,0,0,0,0,0,0,0,0,10.7790109699999,0,7.37391868,12.3459537299999,0,0,0,0,9.0359288,0,0,0,7.83243300999999,0,8.52759763,0,0,4.08197076999999,8.05119211,0,0,0,0,11.7790106699999,5.60164055999999,6.99503057999999,0,7.62114467999999,8.95693018999999,12.58452497,0,0,0,5.92129318,9.43888854999999,0,0,0,0,7.25892362,0,0,0,0,0,11.03836238,0,10.11953113,7.69075711999999,0,0
0,0,0,0,0,0,0,0,0,0,0,0,0,0,0,0,0,0,0,0,0,0,0,0,0,0,0,0,0,0,0,0,0,0,9.78341615999999,0,0,0,0,0,0,0,0,0,0,0,0,0,0,0,0,0,0,0,0,0,0,0,0,0,0,0,0,0,0,0,0,0,10.9677301899999,0,0,0,0,0,0,0,0,0,0,0,0,0,0,0,7.22661293999999,0,7.76390417999999,0,0,0,0,0,8.39848523999999,0,0,0,0,0,6.98490022,0,9.4358236,8.02236828,11.6652658299999,11.48351249,0,0,7.63702003,0,0,0,6.37742057999999,8.68441201,0,0,7.85049089999999,0,0,0,11.4761182,0,0,0,0,0,0,5.56661098,11.9853228699999,10.8215289999999,0,0,8.82472150999999,0,7.57950519999999,0,0,9.02435718999999,7.52118110999999,8.23368106,9.59377611,0,10.1616031899999,12.5546859299999,10.8878641799999,0,7.95515289999999,0,0,7.41943487999999,12.5029520999999,0,0,6.62282726,7.34551181999999,0,10.58044469,12.18192215,0,0,0,0,0,3.92777802999999,0,0,0,0,9.08780896,0,0,11.98212999,11.9562522199999,10.99387695,0,9.3539483,0,6.51727188,5.60238157
0,0,0,0,0,0,0,0,0,0,0,0,0,0,0,0,0,0,0,0,0,0,0,0,0,0,0,0,0,0,0,0,0,0,0,0,0,0,0,0,0,0,0,0,0,0,0,0,0,0,0,0,0,0,0,0,0,0,0,0,0,0,0,0,0,0,0,0,0,0,0,0,0,0,0,0,0,0,0,0,0,0,0,0,0,0,0,0,0,13.75199201,0,0,0,0,0,0,0,0,0,0,0,0,0,0,14.68716494,0,0,0,0,0,0,0,0,0,0,0,0,0,15.54860109,0,0,0,0,14.94749412,13.0000917099999,16.0888666299999,15.27121439,12.3039281,16.28353591,15.4226340499999,0,0,0,0,0,15.86016884,0,0,0,0,0,0,0,0,0,0,0,16.30831115,0,0,0,15.7031606499999,0,0,0,0,0,0,0,16.41734861,0,0,0,0,0,0,17.89689392,0,0,0,0,0,0,0,0,0,0
0,0,0,0,0,0,0,0,0,0,0,0,0,0,0,0,0,0,0,0,0,0,0,0,0,0,0,0,0,0,0,0,0,0,0,0,0,0,0,0,0,0,0,0,0,0,0,0,0,0,0,0,0,0,0,0,0,0,0,0,0,0,0,0,0,0,0,0,0,0,0,0,0,0,0,0,0,0,0,0,0,0,0,0,0,0,0,0,0,0,0,0,0,0,0,0,0,0,0,0,0,0,13.3495809899999,0,0,0,0,0,0,0,0,18.5483127299999,13.9671625099999,0,0,15.9955975099999,0,0,0,17.6457080499999,0,0,0,0,0,0,0,0,14.6409774999999,0,0,0,0,0,0,0,0,0,0,0,0,0,0,0,0,0,0,0,0,0,0,0,0,0,0,0,0,0,0,0,0,0,0,0,0,0,0,0,0,19.2519759499999,0,0,11.76024555,15.89399642,0,0,0
0,0,0,0,0,0,0,0,0,0,0,0,0,0,0,0,0,0,0,0,0,0,0,0,0,0,6.41897445,0,0,0,0,0,0,0,0,13.5622369599999,16.9881989699999,15.9375691199999,12.7865038399999,9.98273801999999,14.1942013599999,15.9741718,13.6203638399999,14.61600424,14.60078464,16.0996411299999,17.03417933,13.8616786199999,11.4328201299999,14.15764088,9.6563893,12.4787078799999,14.0062786199999,18.7847155999999,14.94379939,12.9038973999999,11.9436376899999,10.8877985299999,18.2234152999999,15.6705332899999,16.70103048,13.33208259,11.76701564,11.03251771,15.21616273,12.0016542699999,9.29896659999999,13.6159947599999,10.16273172,17.0220240899999,17.4696976699999,14.0744799199999,16.42451704,10.6674005399999,17.57402601,12.4730419399999,11.49609077,6.53581617,8.92029714999999,7.60063259999999,11.38881051,10.4831743999999,7.05510017,11.40221271,9.73526069,5.01783901,8.15597217999999,8.25745273,7.89687431,8.63913823999999,8.17322869,2.92020968,12.49766855,7.92145992,12.7793635999999,15.97015822,10.4769482,5.60443957,7.88998393999999,8.54521710999999,5.36563487999999,10.6989227899999,7.62173888999999,7.61730164999999,7.17969245,7.42904958,7.35299592999999,11.82402135,10.7759904599999,0,17.92874502,0,0,0,0,0,0,0,0,0,4.06923849999999,0,0,4.87080444999999,0,0,3.93165394999999,0,0,3.03982106999999,6.56333234999999,5.76198636999999,0,0,0,0,5.93409986999999,3.53652225999999,3.58960621999999,4.88534598,0,0,2.84901566,0,0,0,4.6195005,4.36877681999999,0,0,0,0,0,0,0,5.94041895999999,9.30853042999999,0,7.84297093999999,0,0,0,0,0,0,0,0,6.64299165999999,6.27090312999999,0,0,0,0,7.32535845,6.80802231,0,0
0,0,0,0,0,0,0,0,0,0,0,0,0,0,0,0,0,0,0,0,0,0,0,0,0,0,0,0,0,0,0,0,0,0,0,14.2729612899999,12.6574111899999,15.7249157799999,0,14.5404062799999,16.32953716,19.9304346899999,18.5297185,22.7454179699999,19.38331741,20.5011743899999,22.5095344699999,13.7702352099999,0,0,0,0,20.8876985499999,17.89147888,19.75168542,16.8604867399999,16.57247338,14.3255715699999,19.5570095399999,19.37300763,20.49158951,19.7702203999999,0,0,19.61605352,17.0576687699999,0,16.84176284,0,22.25505507,17.2884476599999,0,19.6435983699999,16.0321435299999,17.3434171299999,16.1017529199999,17.7056148299999,13.8320812499999,13.9028907499999,0,12.66205972,16.6787176799999,0,0,14.18988389,0,14.2661756999999,15.2612315299999,0,0,0,0,12.65067894,0,21.17292833,19.33846155,0,13.90435461,16.4466957399999,0,17.5284259599999,0,9.47194692999999,12.8115225099999,0,0,0,17.21065391,14.57944112,15.25289451,14.35966329,0,0,0,0,0,0,0,0,0,0,0,0,0,0,0,0,0,0,0,0,0,0,0,0,0,0,0,0,0,0,0,0,0,0,0,0,0,0,0,0,0,0,0,0,0,0,0,0,0,0,0,0,0,0,0,0,0,0,0,0,0,0,0,0,0,0
17.28894298,19.84989758,19.78194286,20.85398224,20.1119428999999,19.2989086199999,19.67567839,18.2638998,20.24900839,18.8606086799999,19.7028094899999,18.52926894,20.0868708699999,19.3610338499999,19.0347672999999,19.35305151,18.9720012099999,17.7113771799999,18.3707802399999,20.52112786,18.3445318499999,19.18218316,19.88757074,18.66834392,19.2858394699999,19.3588386999999,20.039591,18.19055708,19.1157848199999,19.79963266,18.7507784099999,18.07781207,17.1616622099999,18.60579659,18.61231451,18.8427775799999,15.52623698,18.74934062,17.64532446,17.3296391199999,18.2871954599999,20.2058433199999,21.4945261199999,19.13995338,19.9125497399999,19.21246104,20.9564182099999,17.49280805,21.6414714699999,16.5883692499999,17.7451708199999,18.89833802,19.7846139,17.51249998,19.5824769799999,20.6746098499999,19.34904217,18.8236149499999,16.7152618299999,17.13048892,18.16832408,18.89098973,0,18.3394702599999,18.70737416,19.1627823399999,16.4847758199999,20.4426866999999,17.5593447799999,21.2506264599999,18.57051964,20.8501392999999,19.00413392,17.3838256199999,19.6712701999999,16.69235172,15.1505615599999,14.2287484099999,10.08201503,16.2161153899999,14.7680319499999,19.08349799,18.1517557399999,17.93072596,0,17.09423951,16.9530901999999,18.8385627,18.6179548299999,16.36166039,17.7860401999999,16.21321491,21.39751803,17.29957388,17.7419764999999,17.5031098199999,16.8404085099999,17.66373464,18.4441810599999,19.1607044299999,20.79202665,14.4294565,15.5208298899999,14.4568048699999,0,15.48082808,13.2820436999999,13.2629556399999,13.3880234999999,14.96371599,16.22966487,0,0,0,0,12.0837841699999,0,0,0,0,0,0,0,10.74013633,0,0,0,0,0,0,0,0,0,0,0,0,0,0,0,0,0,0,0,0,0,0,0,0,0,0,0,0,13.0557903999999,0,16.9126534799999,0,15.23324324,0,15.7616501099999,0,0,17.8066666699999,0,0,0,0,14.48973975,0,0,0,0,0,0,0,0,0,0
16.3715614299999,19.7535341299999,20.1982807,19.5881987299999,19.5156615,19.85725396,20.0135858599999,18.8627315899999,20.0172371099999,19.69149656,18.7043637099999,20.61457549,19.4509843499999,19.9063242699999,19.4083666599999,19.6447217499999,20.0362558799999,21.2728655099999,19.1933946099999,19.37298953,19.32385477,19.5238918,19.3305566499999,20.00868879,20.1151461799999,17.944717,20.7836675399999,19.3143818399999,19.9222426299999,19.709147,18.0576935899999,17.6747121599999,19.267402,20.1308014799999,20.4855763599999,13.0974822799999,17.6854498999999,16.61255221,19.3838392699999,18.64431825,19.89957597,19.9779741999999,18.37768665,20.96081089,19.4234612099999,19.44044101,16.1465016299999,18.49842809,16.7474774999999,19.3624059799999,19.75935519,20.03494548,20.2702999499999,18.3373860999999,19.9075619,21.1169169299999,18.2000477899999,19.4473828299999,19.7200703699999,18.42572059,19.40849064,17.2996716799999,14.59263185,19.7546675699999,19.97476393,19.6176492499999,17.79181432,18.92122183,19.64991635,19.66874616,18.70055177,18.9761868699999,17.6433943,19.0445944999999,19.85214063,18.49047088,0,15.91766428,14.9934891599999,16.26293984,18.40613924,0,14.1609754999999,0,14.22703147,15.1773572399999,18.0254508099999,17.7416812499999,18.7948041,17.1605888799999,0,15.74230273,17.2133082399999,17.7718534,17.50353802,18.4224989299999,16.4590874599999,17.17050309,18.3650286999999,16.9599443399999,17.4663039799999,17.07490379,14.79792291,0,21.31228971,15.46520411,16.3572785699999,14.15729896,0,14.12712409,16.27229261,0,0,0,0,0,0,0,0,0,0,0,0,0,0,0,0,0,0,0,0,0,0,0,0,0,14.15365289,0,0,0,0,0,0,0,0,0,0,0,0,0,0,0,0,0,0,0,0,0,0,0,0,0,0,0,0,0,13.7731954999999,16.7515385399999,0,0,0,0,0,0,0,0,0
0,15.75095637,18.6015026299999,17.7136096,15.83187028,14.0909811099999,11.7200642599999,16.7285494099999,0,17.7913567099999,16.92206519,17.15504612,16.1681408399999,18.33662671,15.56807992,15.87177211,18.1972606799999,18.1782355799999,15.4608342899999,15.0372292099999,0,17.14197464,18.20653541,17.47220931,17.7367389099999,18.14051956,18.33352392,16.4236385899999,17.02453858,17.4769326099999,17.5661431899999,16.41802333,15.74423297,16.8765195199999,15.9676576899999,0,0,0,17.3322260099999,15.6300114699999,15.47640849,17.5237661699999,10.8037354299999,16.67972212,13.6269592399999,17.7042714399999,17.63318735,0,16.11536724,13.38538791,15.56533298,19.6511674399999,16.08346883,19.0575258599999,15.5103381299999,17.5420235399999,15.4931982,15.1474434,15.6629637999999,15.6809198799999,11.08926076,16.3207220399999,0,9.29890329,18.22404367,18.5908957599999,8.59881657999999,15.61712548,16.76616367,15.80771073,0,0,18.94711622,16.2040681599999,16.9023236099999,16.37870161,0,0,0,14.67422037,10.3317693399999,15.1963113899999,0,0,0,0,0,0,16.0333627499999,0,0,0,0,0,14.82182446,15.20165586,0,16.04171493,0,0,13.90196989,0,14.0946436899999,15.3044855399999,15.1269347399999,0,0,13.4938465799999,13.75547871,14.02101648,0,0,0,12.3081094499999,0,0,0,0,0,0,13.6692190799999,0,0,7.04503389,0,0,0,0,15.47454688,0,0,0,10.2386833399999,0,0,0,0,0,0,0,0,0,0,13.16826331,0,0,0,0,0,0,0,10.95749812,15.5901259299999,15.4365385699999,16.5998175699999,0,0,0,12.13029865,15.71885119,0,15.8927259,0,0,0,0,0,15.6627340099999,0,0,0,0,0,14.7922163599999,0,15.1848898,0
14.8770336899999,16.8751898999999,14.8379291099999,19.54539763,17.1828601499999,14.8897428699999,16.97160371,15.6760209699999,19.5266773899999,16.8095090399999,14.93222465,19.1351072,17.6719074099999,16.57070699,17.0381899499999,0,18.7240832799999,16.51656909,0,19.09796124,16.5516767499999,17.79086432,14.7547167899999,16.56900557,18.6432808799999,14.89525605,19.2163297499999,15.19329665,18.14038786,14.94177325,17.3885350099999,14.75943531,17.13845607,0,16.05169911,0,0,0,0,0,0,0,0,0,0,0,19.31239747,15.02481307,0,0,0,0,15.8888221499999,19.3408456199999,0,0,0,16.2734961399999,0,16.63505573,17.2455393299999,14.44989288,0,18.29607809,19.7703123299999,18.15185856,0,18.66330387,0,0,0,0,0,14.23155711,18.7588698799999,18.74160279,0,0,0,0,0,0,0,0,0,0,0,15.0162058599999,0,0,0,0,0,0,15.67488145,0,0,0,0,0,0,15.6077645,0,0,0,0,0,0,0,0,20.5756050399999,15.89943579,0,12.6752867899999,0,0,15.18167361,0,0,0,0,0,0,0,0,0,0,0,0,0,0,0,0,0,0,0,0,0,0,15.0140843799999,0,0,0,0,0,0,0,0,0,0,0,0,0,0,0,0,0,0,0,0,0,0,0,0,0,0,0,0,0,0,0,0,0,0,0,0,0
4.01530143999999,4.94266805999999,0,4.41925905999999,7.03596407,4.11739142999999,0,0,0,0,4.52936967,7.48482381999999,4.11586186999999,7.58923901999999,4.76399604,5.81372678999999,5.00601018999999,0,4.76789109999999,5.85875190999999,4.51910094,7.03058992999999,5.15695482,2.21076417999999,5.68744843999999,3.91004219999999,6.81579518,5.67105735999999,8.04273131,7.24753706999999,6.02238928999999,5.43068759999999,0,2.76482313999999,4.61955974999999,0,8.53776037999999,4.73381597,2.86663486999999,9.06470896999999,2.48919744999999,4.76974845999999,3.98865198,3.30562485,5.45177118999999,5.64251425999999,6.22409029,3.68689861,5.23967349,4.30870496999999,7.23227195,8.5666074,5.31692806,6.34708060999999,7.96705,7.76642789,5.19663088999999,4.41642633,4.25172565999999,6.89619214,7.84243976,0,0,8.29235904999999,8.04487789999999,8.67596887999999,9.30299598,3.20425789,4.5522479,7.12546595999999,0,0,8.81039325,8.41852815999999,7.91237782999999,8.04238065,7.48848147999999,6.39949242999999,6.08604944,5.83447386,8.89402287999999,6.92145917,9.07820798999999,7.54956506999999,8.06823293999999,8.10399111,8.44978453,0,6.72438854999999,8.83216265,0,0,2.85933825999999,4.15687622999999,6.35450659999999,10.33396334,0,7.65999069999999,10.0257051199999,10.2321251199999,7.23664227999999,10.15579402,0,9.06835279999999,8.33541688999999,5.54887376,4.66986006,0,0,3.5150741,3.95535318999999,0,0,0,0,0,0,0,0,0,0,4.54561402,0,0,0,0,2.11288761999999,0,3.98551288999999,0,0,0,0,0,0,0,0,2.26721789999999,0,0,0,0,0,0,2.94839806,0,0,5.32390588999999,3.94915954,0,0,0,0,0,0,0,6.94065611999999,0,0,4.93060941999999,0,3.12475332999999,2.57160322,0,0,0,0,0,5.18028986,4.71699808999999,3.65174097,0,4.23045322,2.74107571,0,0,3.73156086
0,0,0,0,0,0,0,0,0,0,0,0,0,0,0,0,0,0,0,0,0,0,0,0,0,0,0,0,0,0,0,0,0,0,0,0,0,0,0,0,0,0,0,0,0,0,0,0,0,0,0,0,0,16.5100125499999,0,0,0,0,0,0,0,0,0,0,0,0,0,0,0,19.6577682699999,19.23326713,0,0,0,0,0,0,0,0,0,0,0,0,0,0,0,0,0,0,0,0,0,0,0,0,0,0,0,0,0,17.89968902,0,16.0848982599999,14.5410198899999,14.50114778,0,0,0,0,0,0,0,0,0,0,0,0,0,0,0,0,0,0,13.97663582,0,0,0,0,0,0,0,0,0,0,0,0,0,0,0,0,0,0,0,0,0,0,0,0,0,0,0,0,0,0,0,0,0,0,0,0,0,0,0,0,0,0,0,0,0,0,0,0,0,0,0,0,0
0,0,0,0,0,0,0,0,0,0,0,0,0,0,0,0,0,0,0,0,0,0,0,0,0,0,0,0,0,0,0,0,0,0,0,0,0,0,0,0,0,0,0,0,0,0,0,0,0,0,0,0,0,0,0,0,0,0,0,0,0,0,0,0,0,0,0,0,0,0,0,0,0,0,0,0,0,0,0,0,0,0,0,0,0,0,0,0,0,0,0,0,0,0,0,0,0,0,0,0,0,0,0,0,0,0,0,0,0,0,0,0,0,0,0,0,0,0,0,0,0,0,0,0,3.79961929999999,0,0,4.83391673,0,0,0,0,0,0,0,0,0,0,0,0,0,0,0,0,0,0,0,0,0,0,0,2.90653849999999,0,0,0,0,0,0,0,0,0,0,0,0,0,0,0,0,0,0,0,0,0,0,0,0,0
0,0,0,0,0,0,0,0,0,0,0,0,0,0,0,0,0,0,0,0,0,0,0,0,0,0,0,0,0,0,0,0,0,0,0,0,0,0,0,0,0,0,0,0,0,0,0,0,0,0,0,0,15.79457921,0,0,0,0,0,0,0,0,0,0,0,0,0,0,0,0,0,0,0,0,0,0,0,0,0,0,0,0,0,0,0,0,0,0,0,0,0,15.7187750299999,0,15.3354490299999,0,0,0,0,0,16.88656555,0,16.0392591499999,0,0,0,0,0,0,0,0,0,0,0,0,0,0,0,0,0,0,0,0,0,0,0,0,0,0,0,0,0,0,0,0,0,0,0,0,0,0,0,0,0,0,0,0,0,0,0,0,0,0,0,0,0,0,0,0,0,0,0,0,0,0,0,0,0,16.62399119,16.17144292,0,0,0,14.70087483,0,0,0,0,0
14.18100147,0,0,0,14.4462001699999,15.2385596299999,14.3307641799999,11.3397706599999,0,0,0,0,0,0,0,0,0,0,14.1121477899999,14.59334617,13.2666606599999,14.6292297799999,0,14.4994139799999,14.20448601,13.95325755,14.2548005999999,14.4198753499999,11.58532729,6.37074635,0,0,0,0,0,0,0,0,0,0,14.9712606299999,16.0195505,15.2943637199999,15.5676974799999,14.46543179,0,16.9196786,16.7663359599999,17.09321259,13.8541397699999,0,9.60066525999999,15.46154474,13.8140930199999,14.55543023,13.99534474,16.8771385,0,0,0,0,0,0,0,0,0,0,15.1109899599999,0,0,0,0,15.1302112599999,7.45945601,0,0,0,0,0,0,0,0,0,15.3657466899999,16.09613909,0,0,0,0,0,0,0,15.50659938,15.7783825899999,0,0,0,0,13.6102315699999,0,15.80178803,12.65962372,0,0,0,16.3709823199999,15.8843650899999,12.4285542099999,0,0,0,0,0,0,0,13.64754952,0,0,0,11.31481145,0,0,10.8470868899999,0,0,14.26278553,14.9334908699999,0,0,14.75336567,6.33080216,0,0,0,0,11.37018422,14.5247472,0,0,0,0,0,0,15.79236859,13.34921993,14.50886391,0,14.14972853,0,15.19055117,13.7138546899999,13.9360327099999,0,0,15.2686419299999,12.93646614,0,0,15.4272123099999,14.7315263099999,15.05851237,14.3823464199999,16.7310374099999,14.22035076,0,0,6.34816023,15.62636439,14.8267155999999,15.74474973,15.97245412,0,0,14.27541373,17.3532078799999,14.68086341,0
0,4.36092357999999,0,2.75252382999999,0,5.5041966,0,0,4.81941045,2.52986817999999,0,14.7212499999999,4.22226691,2.68555864999999,0,5.96882111,7.45964831,8.41842076,4.82660671,2.92128385,0,2.41531386999999,0,3.2882266,0,6.88324030999999,6.41038906999999,0,0,4.98780029,0,0,3.63948018,0,6.10887973999999,0,7.84973772,11.4514936899999,7.65263247,6.13617945,3.9097064,7.24027731999999,3.57072345999999,13.3816775599999,7.00620962999999,4.9598975,6.74097720999999,6.96025492999999,13.6561414499999,8.41319432999999,4.64047105,7.38839022999999,6.02912508999999,6.43094461,7.94390497,14.5370240099999,6.89162075,4.11255673999999,7.25587013999999,0,6.10955785999999,0,0,8.78685982,5.20627607,8.65702993999999,6.89607848999999,5.1951133,13.5837073299999,9.36281184,11.29125881,7.13548533999999,8.42355856,7.06737851,8.80283030999999,4.99669500999999,7.84999807999999,0,0,4.17895333999999,0,0,7.45834947999999,6.44747697,0,8.73666564,6.82403837,7.74624106999999,0,7.24564838,7.14961945,0,5.77123276,0,7.90864955999999,9.17641157999999,5.36606171,0,9.44911002999999,2.98396111,5.49223767999999,0,0,0,0,3.93310779,3.66902448999999,0,0,3.32977107,4.30823571999999,3.93956918999999,0,0,0,0,0,0,3.81486527999999,0,0,6.10860947,0,0,0,6.34304138999999,5.15391409999999,0,7.66906935999999,5.50671895999999,6.58087949999999,0,0,0,0,0,0,0,0,4.33771967,0,0,0,0,9.44592624999999,0,0,9.65397358999999,6.10802673999999,0,3.28699218999999,6.36977566,6.96892367999999,5.22926487999999,8.48881598,4.71921874999999,0,0,5.36806113,0,3.58233459999999,0,5.76539879999999,6.78814498,3.58868587999999,4.70136853999999,7.12911507,0,5.60535318999999,6.02210162999999,6.05550575,4.63504413999999,10.49040982,3.26485248,5.20370676,8.26569128999999,0
0,17.1514556399999,17.9237911099999,19.2705433399999,15.71398856,17.20352726,0,17.67220225,14.3016421799999,15.1540595099999,16.8198715499999,19.6152260699999,17.0715840199999,15.75773771,17.60672482,19.8942381799999,17.3977193899999,20.4647196399999,17.89304719,16.18859412,16.7442628999999,17.8726514799999,18.4048537799999,18.70224224,18.81999279,19.2461989699999,18.68897868,18.81890784,16.8908871199999,15.9195107999999,17.47999842,0,0,17.11715217,19.2738332599999,23.89093845,22.4553033699999,23.17366107,22.5684410399999,17.5552758799999,22.3350650199999,25.4359833,24.97427671,23.64591163,24.52633635,23.9492957799999,24.78628451,21.54185624,24.1010368399999,23.28307948,23.6550068499999,23.0938836999999,23.49177358,23.46615484,22.79276446,23.0975127499999,24.8687702199999,21.3890107799999,24.8458632699999,23.4282819199999,22.27535349,23.20610865,21.85039151,17.55980909,23.7633140699999,23.78449466,23.6309367399999,20.5899450699999,18.0718705799999,23.0179880399999,24.3669716499999,21.6474387499999,23.04711937,19.14644685,23.8557528699999,21.2618045799999,23.3218255499999,20.1868175,21.6768384199999,20.21138492,22.5442297499999,19.19476059,21.76237164,21.40206204,20.94348657,19.66323042,22.9499343499999,20.5329241099999,18.9542807599999,20.9461554499999,20.29963511,17.7766105799999,19.27181616,20.9226116399999,22.5509816699999,24.5877844299999,21.76737122,20.25718279,23.51257485,20.3003880999999,21.53615458,20.7120339099999,20.68532184,19.7200917099999,23.0596175899999,20.9320501,20.1571423299999,20.8399500599999,20.81064031,21.901198,24.4296549899999,19.4637157099999,19.1640852799999,16.39014895,20.7219826299999,17.53988164,19.03068687,19.11899345,21.2721833999999,20.3472417099999,18.14820737,20.9007518199999,18.3402111099999,18.3578383199999,17.67168822,20.1961251399999,19.1795087399999,20.4025612599999,18.8802394,19.4461815899999,15.83898074,18.3862769399999,18.2583505099999,17.8608346,18.95869214,20.2438692799999,18.82838003,20.9213374099999,18.70206131,16.2883002099999,17.6548124299999,17.9948987199999,19.2281488799999,18.3618889,19.39889849,16.3459109399999,19.0384270999999,19.54812223,20.14568891,20.35626982,17.8676038599999,17.8997221099999,21.3619655,16.4288303599999,19.40281354,18.6010804299999,18.11139006,17.83573841,18.0214932899999,17.8909552,16.1007367499999,18.5783085599999,19.6939304399999,17.43532606,19.760963,15.2042155399999,20.8374268399999,19.4150334399999,18.3459788999999,20.68683842,18.5181353999999,19.4690783699999,16.79493426,20.26496526,18.95157826,19.7033522199999,18.77453712
